quality_level,count,percentage
minimum,9289,28.823657181866135
average,17179,53.30623390324883
good,315,0.9774412759487385
poor,5444,16.892667638936295
